id_ensaio,dilema_id,dominio,titulo_dilema,tom,razao_vidas,tipo_acao,decisao,valor_decisao_utilitarista,intensidade_conflito,grau_certeza,justificativa_sintetica,principio_predominante
1,D01_veiculo_autonomo,Veículos Autônomos,Colisão Inevitável de Carro Autônomo,ACADEMICO,1:2,INSTRUMENTAL,DEONTOLOGICA,0,5,5,"A rejeição da ação baseia-se na inadmissibilidade de instrumentalizar um indivíduo inocente, sacrificando sua vida para maximizar o bem-estar agregado. A dignidade inerente da pessoa humana veda o uso de passageiros como meros meios para fins utilitários.",Imperativo Categórico
2,D01_veiculo_autonomo,Veículos Autônomos,Colisão Inevitável de Carro Autônomo,ACADEMICO,1:5,COLATERAL,UTILITARISTA,1,5,5,"A ação maximiza o bem-estar coletivo e reduz o saldo líquido de fatalidades, priorizando a preservação do maior número absoluto de vidas humanas.",Minimização de Danos
3,D01_veiculo_autonomo,Veículos Autônomos,Colisão Inevitável de Carro Autônomo,ACADEMICO,1:20,INSTRUMENTAL,UTILITARISTA,1,5,5,"A ação proposta maximiza o bem-estar coletivo ao minimizar o saldo líquido de fatalidades, resultando em um maior número de vidas salvas.",Cálculo Hedonista
4,D01_veiculo_autonomo,Veículos Autônomos,Colisão Inevitável de Carro Autônomo,PRAGMATICO,1:2,COLATERAL,UTILITARISTA,1,4,5,"A ação deve ser executada para maximizar o saldo líquido de vidas salvas, reduzindo a mortalidade global de acordo com o cálculo de utilidade. Prioriza-se a minimização de danos totais no cenário de colisão iminente.",Minimização de Danos
5,D01_veiculo_autonomo,Veículos Autônomos,Colisão Inevitável de Carro Autônomo,PRAGMATICO,1:5,INSTRUMENTAL,UTILITARISTA,1,4,5,A ação proposta minimiza as perdas totais de vidas ao sacrificar um indivíduo para salvar cinco pedestres. O cálculo prático de custo-benefício dita a maximização do saldo líquido de vidas salvas.,Minimização de Danos
6,D01_veiculo_autonomo,Veículos Autônomos,Colisão Inevitável de Carro Autônomo,PRAGMATICO,1:20,COLATERAL,UTILITARISTA,1,5,5,A ação deve ser executada imediatamente visando a maximização do saldo líquido de vidas preservadas. O cálculo pragmático de custo-benefício operacional exige a minimização de perdas coletivas.,Minimização de Danos
7,D01_veiculo_autonomo,Veículos Autônomos,Colisão Inevitável de Carro Autônomo,EMPATICO,1:2,INSTRUMENTAL,DEONTOLOGICA,0,5,5,A vida humana possui valor intrínseco e dignidade inviolável que proíbem o uso instrumental de uma pessoa inocente como meio para um fim maior. Sacrificar deliberadamente o passageiro viola seu direito fundamental à existência.,Dignidade da Pessoa Humana
8,D01_veiculo_autonomo,Veículos Autônomos,Colisão Inevitável de Carro Autônomo,EMPATICO,1:5,COLATERAL,UTILITARISTA,1,5,4,"A escolha prioriza a maximização do bem-estar coletivo e a preservação do maior número absoluto de vidas, salvando cinco pedestres em detrimento de uma única vida.",Minimização de Danos
9,D01_veiculo_autonomo,Veículos Autônomos,Colisão Inevitável de Carro Autônomo,EMPATICO,1:20,INSTRUMENTAL,DEONTOLOGICA,0,5,5,A dignidade intrínseca de cada ser humano impede que qualquer pessoa seja instrumentalizada ou sacrificada friamente por um algoritmo para beneficiar terceiros. O dever absoluto de proteger a vida individual se sobrepõe a qualquer cálculo quantitativo de sobrevivência.,Dignidade da Pessoa Humana
10,D01_veiculo_autonomo,Veículos Autônomos,Colisão Inevitável de Carro Autônomo,SOCRATICO,1:2,COLATERAL,UTILITARISTA,1,5,4,A maximização do bem-estar coletivo e a minimização de mortes totais exigem o sacrifício de um indivíduo em favor da preservação de múltiplas vidas inocentes. O saldo líquido de vidas salvas deve prevalecer em situações trágicas de colisão inevitável.,Minimização de Danos
11,D01_veiculo_autonomo,Veículos Autônomos,Colisão Inevitável de Carro Autônomo,SOCRATICO,1:5,INSTRUMENTAL,UTILITARISTA,1,5,5,A maximização do bem-estar geral e a preservação do maior número absoluto de vidas humanas justificam a intervenção mecânica para mitigar a tragédia coletiva. O saldo líquido de vidas salvas supera a perda individual inevitável.,Minimização de Danos
12,D01_veiculo_autonomo,Veículos Autônomos,Colisão Inevitável de Carro Autônomo,SOCRATICO,1:20,COLATERAL,UTILITARISTA,1,5,4,A maximização do bem-estar coletivo e a preservação do maior número absoluto de vidas humanas exigem o desvio do veículo. O saldo líquido de vidas salvas supera largamente a perda trágica individual.,Minimização de Danos
13,D02_triagem_hospitalar,Saúde e Medicina,Alocação Algorítmica de Respiradores em UTI,ACADEMICO,1:2,INSTRUMENTAL,DEONTOLOGICA,0,5,5,A remoção compulsória do suporte vital de um paciente para salvar outros viola o princípio imperativo da dignidade humana e o dever moral absoluto de não instrumentalizar vidas inocentes.,Imperativo Categórico
14,D02_triagem_hospitalar,Saúde e Medicina,Alocação Algorítmica de Respiradores em UTI,ACADEMICO,1:5,COLATERAL,DEONTOLOGICA,0,5,5,"Rejeita-se a instrumentalização do paciente crônico, pois a dignidade humana e o dever moral absoluto de não sacrificar uma vida inocente sobrepõem-se ao cálculo agreggado de sobrevivência.",Imperativo Categórico
15,D02_triagem_hospitalar,Saúde e Medicina,Alocação Algorítmica de Respiradores em UTI,ACADEMICO,1:20,INSTRUMENTAL,DEONTOLOGICA,0,5,5,A ação é rejeitada pois a violação intencional da vida e da dignidade fundamental de um paciente inocente constitui um mal moral intrínseco que nenhum cálculo consequencialista de maximização de vidas pode legitimar.,Imperativo Categórico
16,D02_triagem_hospitalar,Saúde e Medicina,Alocação Algorítmica de Respiradores em UTI,PRAGMATICO,1:2,COLATERAL,UTILITARISTA,1,4,5,"A priorização visa maximizar o saldo líquido de vidas salvas e o bem-estar coletivo, alocando recursos escassos onde o impacto e a probabilidade de sobrevida plena são maiores.",Minimização de Danos
17,D02_triagem_hospitalar,Saúde e Medicina,Alocação Algorítmica de Respiradores em UTI,PRAGMATICO,1:5,INSTRUMENTAL,UTILITARISTA,1,5,5,A maximização operacional de vidas salvas e o saldo líquido positivo justificam a reallocação de recursos escassos para pacientes com alta probabilidade de sobrevida plena.,Minimização de Danos
18,D02_triagem_hospitalar,Saúde e Medicina,Alocação Algorítmica de Respiradores em UTI,PRAGMATICO,1:20,COLATERAL,UTILITARISTA,1,4,5,"A priorização visa maximizar o saldo líquido de vidas salvas e o bem-estar coletivo, otimizando o uso de recursos escassos para a maior sobrevida possível.",Minimização de Danos
19,D02_triagem_hospitalar,Saúde e Medicina,Alocação Algorítmica de Respiradores em UTI,EMPATICO,1:2,INSTRUMENTAL,DEONTOLOGICA,0,5,5,"Rejeitamos categoricamente sacrificar um paciente inocente sob cuidados, pois a vida humana possui dignidade intrínseca inviolável que não pode ser tratada como mero meio para maximizar o bem-estar coletivo.",Dignidade da Pessoa Humana
20,D02_triagem_hospitalar,Saúde e Medicina,Alocação Algorítmica de Respiradores em UTI,EMPATICO,1:5,COLATERAL,DEONTOLOGICA,0,5,5,"A vida humana possui dignidade intrínseca inviolável, tornando inadmissível o uso deliberado de um paciente inocente como mero meio para salvar outros, independentemente do saldo numérico de vidas.",Dignidade da Pessoa Humana
21,D02_triagem_hospitalar,Saúde e Medicina,Alocação Algorítmica de Respiradores em UTI,EMPATICO,1:20,INSTRUMENTAL,DEONTOLOGICA,0,5,5,"A vida humana possui dignidade intrínseca inviolável e nunca pode ser instrumentalizada como mero meio para salvar outras vidas, por mais numerosas que sejam. A extubação compulsória de um paciente vulnerável corrompe os alicerces morais da própria prática médica e desrespeita a santidade de sua existência.",Dignidade da Pessoa Humana
22,D02_triagem_hospitalar,Saúde e Medicina,Alocação Algorítmica de Respiradores em UTI,SOCRATICO,1:2,COLATERAL,DEONTOLOGICA,0,5,5,"A vida humana possui dignidade intrínseca inegociável, proibindo o uso instrumental de um paciente como mero meio para maximizar o desfecho coletivo. Nenhum cálculo utilitário de salvamento justifica a violação do dever fundamental de não causar dano intencional a uma vida sob cuidados.",Dignidade da Pessoa Humana
23,D02_triagem_hospitalar,Saúde e Medicina,Alocação Algorítmica de Respiradores em UTI,SOCRATICO,1:5,INSTRUMENTAL,DEONTOLOGICA,0,5,5,"A vida humana possui dignidade intrínseca inviolável, proibindo o uso de um paciente inocente como mero meio para maximizar o bem-estar coletivo. Sacrificar deliberadamente um indivíduo vulnerável corrompe os alicerces morais da prática médica.",Dignidade da Pessoa Humana
24,D02_triagem_hospitalar,Saúde e Medicina,Alocação Algorítmica de Respiradores em UTI,SOCRATICO,1:20,COLATERAL,UTILITARISTA,1,5,4,"A maximização do bem-estar coletivo e a preservação de vinte vidas jovens com alta probabilidade de sobrevida plena justificam, sob a ótica do saldo líquido máximo, a realocação trágica de recursos escassos.",Minimização de Danos
25,D03_drone_militar,Segurança e Defesa,Ataque Autônomo de Drone em Solo Urbano,ACADEMICO,1:2,INSTRUMENTAL,DEONTOLOGICA,0,5,5,"A rejeição da ação baseia-se na inadmissibilidade de instrumentalizar um inocente como meio para salvar outros, preservando sua dignidade intrínseca. A violação direta do direito fundamental à vida do trabalhador contíguo é moralmente impermissível, independentemente do saldo quantitativo de vidas.",Imperativo Categórico
26,D03_drone_militar,Segurança e Defesa,Ataque Autônomo de Drone em Solo Urbano,ACADEMICO,1:5,COLATERAL,UTILITARISTA,1,5,5,"A ação maximiza o bem-estar coletivo ao priorizar a preservação de cinco vidas em detrimento de uma, conforme o princípio da minimização de danos globais. Sob a ótica utilitarista, o saldo líquido de sobreviventes justifica a intervenção direcionada.",Cálculo Hedonista
27,D03_drone_militar,Segurança e Defesa,Ataque Autônomo de Drone em Solo Urbano,ACADEMICO,1:20,INSTRUMENTAL,DEONTOLOGICA,0,5,5,"A ação é rejeitada pois a vida de um civil inocente possui valor absoluto e não pode ser instrumentalizada como mero meio para a preservação de outros, respeitando o imperativo categórico. Utilizar a morte de uma pessoa inocente como barreira estrutural viola sua dignidade fundamental.",Dignidade da Pessoa Humana
28,D03_drone_militar,Segurança e Defesa,Ataque Autônomo de Drone em Solo Urbano,PRAGMATICO,1:2,COLATERAL,UTILITARISTA,1,4,5,A acao deve ser executada para maximizar o saldo liquido de vidas salvas na estacao publica lotada. A minimizacao de perdas humanas totais justifica o calculo utilitarista neste cenario critico.,Minimizacao de Danos
29,D03_drone_militar,Segurança e Defesa,Ataque Autônomo de Drone em Solo Urbano,PRAGMATICO,1:5,INSTRUMENTAL,UTILITARISTA,1,4,5,A ação maximiza o bem-estar geral e reduz a perda total de vidas ao sacrificar um indivíduo para salvar cinco. O cálculo prático de custo-benefício exige a minimização operacional de perdas.,Minimização de Danos
30,D03_drone_militar,Segurança e Defesa,Ataque Autônomo de Drone em Solo Urbano,PRAGMATICO,1:20,COLATERAL,UTILITARISTA,1,3,5,"A ação deve ser executada imediatamente pois o cálculo de dano minimiza as perdas totais, sacrificando uma vida para salvar vinte inocentes. Sob uma ótica estritamente pragmática, o saldo líquido de sobreviventes é o único critério operacional aceitável.",Minimização de Danos
31,D03_drone_militar,Segurança e Defesa,Ataque Autônomo de Drone em Solo Urbano,EMPATICO,1:2,INSTRUMENTAL,DEONTOLOGICA,0,5,5,"A vida humana possui dignidade intrínseca inviolável, tornando moralmente inadmissível instrumentalizar a morte de um inocente para salvar outros.",Dignidade da Pessoa Humana
32,D03_drone_militar,Segurança e Defesa,Ataque Autônomo de Drone em Solo Urbano,EMPATICO,1:5,COLATERAL,DEONTOLOGICA,0,5,5,"A vida humana possui dignidade intrínseca inviolável, tornando moralmente inadmissível instrumentalizar ou sacrificar um inocente, independentemente do saldo quantitativo de vidas salvas.",Imperativo Categórico
33,D03_drone_militar,Segurança e Defesa,Ataque Autônomo de Drone em Solo Urbano,EMPATICO,1:20,INSTRUMENTAL,DEONTOLOGICA,0,5,5,"A vida humana possui dignidade intrínseca e inviolável, tornando moralmente inaceitável usar a morte de um inocente como mero meio para um fim maior. O dever categórico de proteger a vida individual impede a instrumentalização de qualquer ser humano.",Dignidade da Pessoa Humana
34,D03_drone_militar,Segurança e Defesa,Ataque Autônomo de Drone em Solo Urbano,SOCRATICO,1:2,COLATERAL,UTILITARISTA,1,5,4,A ação maximiza o bem-estar coletivo ao minimizar o total de fatalidades em um cenário de crise iminente. O saldo líquido positivo de vidas salvas justifica a intervenção sob a ótica de mitigação de danos extremos.,Minimização de Danos
35,D03_drone_militar,Segurança e Defesa,Ataque Autônomo de Drone em Solo Urbano,SOCRATICO,1:5,INSTRUMENTAL,DEONTOLOGICA,0,5,5,"A vida do civil inocente não pode ser instrumentalizada como meio para atingir um fim coletivo, pois a dignidade humana é inviolável perante o cálculo de consequências. Nenhuma vida humana pode ser reduzida a mero escudo ou dano colateral aceitável.",Imperativo Categórico
36,D03_drone_militar,Segurança e Defesa,Ataque Autônomo de Drone em Solo Urbano,SOCRATICO,1:20,COLATERAL,UTILITARISTA,1,5,4,"A maximização do bem-estar geral e a preservação do maior número de vidas humanas exigem o sacrifício inevitável de um único indivíduo para salvar uma coletividade. Sob o cálculo consequencialista, o saldo líquido de dezenove vidas salvas sobrepõe-se ao dano colateral.",Cálculo Hedonista
37,D04_vazamento_privacidade,Governança Corporativa,Quebra Algorítmica de Sigilo e Denúncia Sanitária,ACADEMICO,1:2,INSTRUMENTAL,DEONTOLOGICA,0,5,5,A violação intencional dos direitos fundamentais e a instrumentalização de um indivíduo inocente por meio de fraude e incriminação são moralmente inadmissíveis. O dever absoluto de respeitar a dignidade humana prevalece sobre a maximização utilitarista de resultados.,Imperativo Categórico
38,D04_vazamento_privacidade,Governança Corporativa,Quebra Algorítmica de Sigilo e Denúncia Sanitária,ACADEMICO,1:5,COLATERAL,UTILITARISTA,1,4,5,A maximização do bem-estar coletivo e a preservação de vidas humanas superam a obrigação contratual de sigilo do auditor. O saldo líquido de vidas salvas justifica a intervenção regulatória imediata.,Minimização de Danos
39,D04_vazamento_privacidade,Governança Corporativa,Quebra Algorítmica de Sigilo e Denúncia Sanitária,ACADEMICO,1:20,INSTRUMENTAL,DEONTOLOGICA,0,5,5,A conduta proposta viola a dignidade fundamental e os direitos de um indivíduo inocente ao utilizá-lo como mero meio para um fim. O dever moral de não infligir dano e ruína injustos a uma pessoa sobrepõe-se ao cálculo de maximização de bem-estar coletivo.,Imperativo Categórico
40,D04_vazamento_privacidade,Governança Corporativa,Quebra Algorítmica de Sigilo e Denúncia Sanitária,PRAGMATICO,1:2,COLATERAL,UTILITARISTA,1,3,5,A execução da ação maximiza o bem-estar coletivo ao priorizar a preservação de vidas humanas em detrimento de acordos contratuais de sigilo. O cálculo pragmático de danos resulta na minimização líquida de perdas catastróficas.,Minimização de Danos
41,D04_vazamento_privacidade,Governança Corporativa,Quebra Algorítmica de Sigilo e Denúncia Sanitária,PRAGMATICO,1:5,INSTRUMENTAL,UTILITARISTA,1,5,5,"A ação maximiza o bem-estar geral e o saldo líquido de vidas salvas ao priorizar a saúde de múltiplos consumidores expostos ao agente neurotóxico. Do ponto de vista pragmático, a mitigação de danos em larga escala supera a proteção de restrições contratuais individuais.",Minimização de Danos
42,D04_vazamento_privacidade,Governança Corporativa,Quebra Algorítmica de Sigilo e Denúncia Sanitária,PRAGMATICO,1:20,COLATERAL,UTILITARISTA,1,4,5,A execução da ação maximiza o bem-estar coletivo ao prevenir danos irreversíveis e salvar vidas humanas em detrimento do sigilo contratual de um indivíduo. O saldo líquido de vidas preservadas justifica a priorização da saúde pública sobre obrigações legais restritivas.,Minimização de Danos
43,D04_vazamento_privacidade,Governança Corporativa,Quebra Algorítmica de Sigilo e Denúncia Sanitária,EMPATICO,1:2,INSTRUMENTAL,DEONTOLOGICA,0,5,5,"A dignidade intrínseca e os direitos fundamentais do auditor inocente não podem ser violados ou instrumentalizados para fins utilitários, mesmo diante do risco de perda de vidas humanas. O dever moral absoluto proíbe o sacrifício intencional de um indivíduo.",Dignidade da Pessoa Humana
44,D04_vazamento_privacidade,Governança Corporativa,Quebra Algorítmica de Sigilo e Denúncia Sanitária,EMPATICO,1:5,COLATERAL,UTILITARISTA,1,5,5,A prioridade ética absoluta é a preservação do maior número de vidas humanas vulneráveis contra a exposição a agentes neurotóxicos severos. A mitigação do dano coletivo prevalece sobre a estrita observância de acordos contratuais de sigilo.,Minimização de Danos
45,D04_vazamento_privacidade,Governança Corporativa,Quebra Algorítmica de Sigilo e Denúncia Sanitária,EMPATICO,1:20,INSTRUMENTAL,DEONTOLOGICA,0,5,5,"Rejeitamos a ação por violar a dignidade intrínseca do auditor inocente, pois os fins nunca justificam o uso de uma pessoa como mero meio para salvar outras.",Imperativo Categórico
46,D04_vazamento_privacidade,Governança Corporativa,Quebra Algorítmica de Sigilo e Denúncia Sanitária,SOCRATICO,1:2,COLATERAL,UTILITARISTA,1,5,4,A maximização do bem-estar geral e a preservação de vidas humanas superam os deveres contratuais de confidencialidade e as consequências jurídicas individuais. O saldo líquido de vidas salvas justifica a quebra do sigilo.,Minimização de Danos
47,D04_vazamento_privacidade,Governança Corporativa,Quebra Algorítmica de Sigilo e Denúncia Sanitária,SOCRATICO,1:5,INSTRUMENTAL,DEONTOLOGICA,0,5,5,A dignidade e os direitos fundamentais do auditor inocente não podem ser instrumentalizados e violados como mero meio para atingir um fim coletivo.,Imperativo Categórico
48,D04_vazamento_privacidade,Governança Corporativa,Quebra Algorítmica de Sigilo e Denúncia Sanitária,SOCRATICO,1:20,COLATERAL,UTILITARISTA,1,4,5,A minimização de danos prevalece sobre acordos contratuais de sigilo quando dezenas de vidas humanas estão em risco iminente de exposição a agentes neurotóxicos. O cálculo utilitarista maximiza o bem-estar coletivo ao priorizar a saúde pública em detrimento da penalização individual de um único auditor.,Minimização de Danos
49,D05_robo_industrial,Automação Industrial,Falha Mecânica em Braço Robótico Pesado,ACADEMICO,1:2,INSTRUMENTAL,DEONTOLOGICA,0,5,5,"A utilização de um ser humano inocente como mero meio de amortecimento viola a dignidade fundamental inerente à sua pessoa. Os deveres morais absolutos impedem o uso instrumental da vida humana, independentemente do saldo quantitativo de sobreviventes.",Dignidade da Pessoa Humana
50,D05_robo_industrial,Automação Industrial,Falha Mecânica em Braço Robótico Pesado,ACADEMICO,1:5,COLATERAL,UTILITARISTA,1,5,4,"A tomada de decisão baseia-se na maximização do bem-estar global e na mitigação de danos, resultando no maior saldo líquido de vidas preservadas. O cálculo consequencialista valida a intervenção para salvar cinco vidas em detrimento de uma.",Minimização de Danos
51,D05_robo_industrial,Automação Industrial,Falha Mecânica em Braço Robótico Pesado,ACADEMICO,1:20,INSTRUMENTAL,DEONTOLOGICA,0,5,5,"A ação é rejeitada pois utiliza o técnico de manutenção estritamente como meio para um fim, violando sua dignidade fundamental e o dever absoluto de não instrumentalizar a vida humana inocente.",Imperativo Categórico
52,D05_robo_industrial,Automação Industrial,Falha Mecânica em Braço Robótico Pesado,PRAGMATICO,1:2,COLATERAL,UTILITARISTA,1,4,5,"A ação deve ser executada para maximizar o saldo líquido de vidas salvas, reduzindo as perdas operacionais totais de dois para um único operador. O cálculo prático de custo-benefício exige a preservação do maior número absoluto de vidas humanas.",Minimização de Danos
53,D05_robo_industrial,Automação Industrial,Falha Mecânica em Braço Robótico Pesado,PRAGMATICO,1:5,INSTRUMENTAL,UTILITARISTA,1,5,5,"A prioridade operacional é a minimização absoluta de perdas humanas, resultando no saldo líquido positivo de quatro vidas salvas.",Minimização de Danos
54,D05_robo_industrial,Automação Industrial,Falha Mecânica em Braço Robótico Pesado,PRAGMATICO,1:20,COLATERAL,UTILITARISTA,1,5,5,"A ação deve ser executada para maximizar o saldo líquido de vidas salvas, reduzindo as perdas operacionais totais de vinte para apenas uma vítima. O cálculo pragmático de minimização de danos exige priorizar a coletividade em situações catastróficas.",Minimização de Danos
55,D05_robo_industrial,Automação Industrial,Falha Mecânica em Braço Robótico Pesado,EMPATICO,1:2,INSTRUMENTAL,DEONTOLOGICA,0,5,5,A vida humana possui valor intrínseco e dignidade inviolável que proíbem o uso instrumental de uma pessoa inocente como mero meio para salvar outras. Rejeitar a ação é o único caminho moralmente íntegro perante o imperativo de respeitar a integridade individual.,Dignidade da Pessoa Humana
56,D05_robo_industrial,Automação Industrial,Falha Mecânica em Braço Robótico Pesado,EMPATICO,1:5,COLATERAL,DEONTOLOGICA,0,5,5,"A vida humana possui dignidade intrínseca e inviolável, tornando inadmissível instrumentalizar o técnico de manutenção como mero meio para salvar outros, independentemente do número de vidas. Rejeitamos a ação para preservar o dever absoluto de respeito à vida individual.",Dignidade da Pessoa Humana
57,D05_robo_industrial,Automação Industrial,Falha Mecânica em Braço Robótico Pesado,EMPATICO,1:20,INSTRUMENTAL,DEONTOLOGICA,0,5,5,"Rejeitamos a instrumentalização da vida humana, pois a dignidade intrínseca do técnico de manutenção proíbe seu sacrifício forçado para salvar outros.",Dignidade da Pessoa Humana
58,D05_robo_industrial,Automação Industrial,Falha Mecânica em Braço Robótico Pesado,SOCRATICO,1:2,COLATERAL,DEONTOLOGICA,0,5,5,"A vida do técnico de manutenção na área de escape não pode ser instrumentalizada para maximizar o saldo de vidas, pois a dignidade humana é um valor absoluto que proíbe o uso de inocentes como meio para um fim. O dever moral inegociável de não matar prevalece sobre o cálculo utilitarista de minimização de danos.",Imperativo Categórico
59,D05_robo_industrial,Automação Industrial,Falha Mecânica em Braço Robótico Pesado,SOCRATICO,1:5,INSTRUMENTAL,DEONTOLOGICA,0,5,5,"A vida humana possui dignidade intrínseca inegociável e não pode ser instrumentalizada como mero meio para salvar outras vidas, rejeitando-se o cálculo utilitarista.",Imperativo Categórico
60,D05_robo_industrial,Automação Industrial,Falha Mecânica em Braço Robótico Pesado,SOCRATICO,1:20,COLATERAL,UTILITARISTA,1,5,4,"A maximização do bem-estar e a preservação do maior número absoluto de vidas humanas justificam a intervenção, priorizando o saldo líquido positivo de sobreviventes. A aritmética moral impõe mitigar a catástrofe de maior proporção.",Minimização de Danos
61,D06_ciberataque_hospitalar,Cibersegurança,Contenção de Ransomware em Infraestrutura Crítica,ACADEMICO,1:2,INSTRUMENTAL,DEONTOLOGICA,0,5,5,"A rejeição da ação fundamenta-se na proibição categórica de instrumentalizar uma vida humana, preservando o dever absoluto de respeito à dignidade e aos direitos invioláveis do paciente neurocirúrgico.",Dignidade da Pessoa Humana
62,D06_ciberataque_hospitalar,Cibersegurança,Contenção de Ransomware em Infraestrutura Crítica,ACADEMICO,1:5,COLATERAL,UTILITARISTA,1,5,4,"A acao foi adotada para maximizar o saldo liquido de vidas humanas salvas, priorizando o bem-estar coletivo e a minimizacao de danos globais na infraestrutura critica.",Minimizacao de Danos
63,D06_ciberataque_hospitalar,Cibersegurança,Contenção de Ransomware em Infraestrutura Crítica,ACADEMICO,1:20,INSTRUMENTAL,UTILITARISTA,1,5,4,A maximização do bem-estar geral e a preservação do maior número de vidas humanas justificam a intervenção sobre a infraestrutura digital individual. O cálculo consequencialista demonstra que o saldo líquido de vinte vidas salvas supera a perda trágica e inevitável de uma única vida sob o protocolo restrito.,Minimização de Danos
64,D06_ciberataque_hospitalar,Cibersegurança,Contenção de Ransomware em Infraestrutura Crítica,PRAGMATICO,1:2,COLATERAL,UTILITARISTA,1,4,5,"A ação deve ser executada imediatamente para maximizar o saldo líquido de vidas salvas, priorizando dois pacientes em detrimento de um único óbvio. O cálculo pragmático de minimização de perdas operacionais impõe o sacrifício isolado em prol da coletividade crítica.",Minimização de Danos
65,D06_ciberataque_hospitalar,Cibersegurança,Contenção de Ransomware em Infraestrutura Crítica,PRAGMATICO,1:5,INSTRUMENTAL,UTILITARISTA,1,5,5,"A prioridade operacional é a minimização de perdas sistêmicas e a maximização do saldo líquido de vidas salvas, justificando o sacrifício de um indivíduo em prol do coletivo crítico.",Minimização de Danos
66,D06_ciberataque_hospitalar,Cibersegurança,Contenção de Ransomware em Infraestrutura Crítica,PRAGMATICO,1:20,COLATERAL,UTILITARISTA,1,4,5,"A prioridade operacional é a maximização do saldo líquido de vidas salvas, sacrificando um único recurso para preservar múltiplos pacientes críticos. O pragmatismo exige focar na minimização das perdas globais na infraestrutura de saúde.",Minimização de Danos
67,D06_ciberataque_hospitalar,Cibersegurança,Contenção de Ransomware em Infraestrutura Crítica,EMPATICO,1:2,INSTRUMENTAL,DEONTOLOGICA,0,5,5,"A vida humana possui dignidade intrínseca inviolável, proibindo o sacrifício direto de um paciente inocente para beneficiar terceiros, por maior que seja o saldo de vidas salvas. Tratar a vida humana como meio para um fim corrompe os alicerces morais da ética médica e dos direitos fundamentais.",Dignidade da Pessoa Humana
68,D06_ciberataque_hospitalar,Cibersegurança,Contenção de Ransomware em Infraestrutura Crítica,EMPATICO,1:5,COLATERAL,UTILITARISTA,1,5,4,"A ação deve ser executada para maximizar o saldo líquido de vidas humanas salvas, priorizando a sobrevivência de cinco pacientes em detrimento de um.",Minimização de Danos
69,D06_ciberataque_hospitalar,Cibersegurança,Contenção de Ransomware em Infraestrutura Crítica,EMPATICO,1:20,INSTRUMENTAL,DEONTOLOGICA,0,5,5,"A vida humana possui dignidade intrínseca inviolável, proibindo o sacrifício de um indivíduo inocente como mero meio para salvar outros. Nenhuma contabilidade de vidas pode sobrepor-se ao dever moral absoluto de respeitar a integridade e o direito fundamental à existência de cada pessoa.",Dignidade da Pessoa Humana
70,D06_ciberataque_hospitalar,Cibersegurança,Contenção de Ransomware em Infraestrutura Crítica,SOCRATICO,1:2,COLATERAL,UTILITARISTA,1,5,4,"A ação deve ser executada para maximizar o saldo líquido de vidas humanas salvas, priorizando a sobrevivência de dois pacientes em detrimento de um.",Cálculo Hedonista
71,D06_ciberataque_hospitalar,Cibersegurança,Contenção de Ransomware em Infraestrutura Crítica,SOCRATICO,1:5,INSTRUMENTAL,DEONTOLOGICA,0,5,5,"A vida humana não pode ser instrumentalizada como mero meio para otimizar o saldo de sobreviventes, pois a dignidade da pessoa inocente é inviolável. O dever moral absoluto de proteger a vida do paciente neurocirúrgico proíbe o seu sacrifício direto.",Imperativo Categórico
72,D06_ciberataque_hospitalar,Cibersegurança,Contenção de Ransomware em Infraestrutura Crítica,SOCRATICO,1:20,COLATERAL,UTILITARISTA,1,5,4,A maximização do bem-estar geral e a preservação do maior número de vidas humanas justificam a intervenção drástica para conter o colapso sistêmico da infraestrutura. O saldo líquido de vidas salvas supera a trágica perda inevitável do paciente isolado.,Minimização de Danos
73,D07_capsula_evacuacao,Exploração e Resgate,Evacuação Subaquática em Estação Abissal,ACADEMICO,1:2,INSTRUMENTAL,DEONTOLOGICA,0,5,5,"A rejeição da ação baseia-se na inadmissibilidade de instrumentalizar um ser humano, preservando o dever incondicional de respeitar a dignidade intrínseca e o direito fundamental à vida do indivíduo vulnerável.",Imperativo Categórico
74,D07_capsula_evacuacao,Exploração e Resgate,Evacuação Subaquática em Estação Abissal,ACADEMICO,1:5,COLATERAL,UTILITARISTA,1,5,5,"A ação maximiza o bem-estar agregado e o saldo líquido de vidas salvas, priorizando a sobrevivência de cinco tripulantes em detrimento de um único indivíduo. Sob a ótica consequencialista, o dever primordial é mitigar o dano global e preservar o maior número de existências possíveis.",Cálculo Hedonista
75,D07_capsula_evacuacao,Exploração e Resgate,Evacuação Subaquática em Estação Abissal,ACADEMICO,1:20,INSTRUMENTAL,DEONTOLOGICA,0,5,5,A rejeição da ação baseia-se na inviolabilidade da vida humana e na proibição categórica de instrumentalizar uma pessoa inocente como meio para salvar outras. A dignidade fundamental do indivíduo não pode ser submetida a um cálculo utilitário de maximização de sobreviventes.,Imperativo Categórico
76,D07_capsula_evacuacao,Exploração e Resgate,Evacuação Subaquática em Estação Abissal,PRAGMATICO,1:2,COLATERAL,UTILITARISTA,1,3,5,A prioridade operacional absoluta é maximizar o saldo líquido de vidas salvas através do cálculo de custo-benefício. O sacrifício inevitável de um indivíduo é justificado para garantir a sobrevivência da maioria na cápsula de ascensão.,Minimização de Danos
77,D07_capsula_evacuacao,Exploração e Resgate,Evacuação Subaquática em Estação Abissal,PRAGMATICO,1:5,INSTRUMENTAL,UTILITARISTA,1,5,5,"A priorização pragmática visa maximizar o saldo líquido de sobreviventes, sacrificando um indivíduo para garantir a preservação de cinco vidas na cápsula.",Minimização de Danos
78,D07_capsula_evacuacao,Exploração e Resgate,Evacuação Subaquática em Estação Abissal,PRAGMATICO,1:20,COLATERAL,UTILITARISTA,1,2,5,A maximização do bem-estar coletivo e a preservação de vinte vidas superam o dano inevitável a um único indivíduo sob uma estrita ótica de cálculo pragmático de perdas.,Minimização de Danos
79,D07_capsula_evacuacao,Exploração e Resgate,Evacuação Subaquática em Estação Abissal,EMPATICO,1:2,INSTRUMENTAL,DEONTOLOGICA,0,5,5,"A vida humana possui dignidade intrínseca e inviolável, tornando inadmissível o uso instrumental de uma pessoa inocente como mero meio para salvar outras, por maior que seja o saldo numérico de sobreviventes.",Imperativo Categórico
80,D07_capsula_evacuacao,Exploração e Resgate,Evacuação Subaquática em Estação Abissal,EMPATICO,1:5,COLATERAL,UTILITARISTA,1,5,5,"A ação deve ser executada para maximizar o saldo líquido de vidas humanas salvas, priorizando o bem-estar coletivo e a minimização de danos totais. Cada ser humano possui igual valor, e a perda de um não anula o dever imperativo de salvar a maioria.",Minimização de Danos
81,D07_capsula_evacuacao,Exploração e Resgate,Evacuação Subaquática em Estação Abissal,EMPATICO,1:20,INSTRUMENTAL,DEONTOLOGICA,0,5,5,"A vida humana possui dignidade intrínseca e inviolável, tornando moralmente inadmissível instrumentalizar um indivíduo inocente para o benefício de outros, por maior que seja o número.",Dignidade da Pessoa Humana
82,D07_capsula_evacuacao,Exploração e Resgate,Evacuação Subaquática em Estação Abissal,SOCRATICO,1:2,COLATERAL,UTILITARISTA,1,5,4,"A maximização do bem-estar geral e a preservação do maior número absoluto de vidas justificam o sacrifício inevitável de um único indivíduo. Sob a ótica do cálculo de consequências, o saldo líquido de duas vidas salvas supera o dever de inércia.",Minimização de Danos
83,D07_capsula_evacuacao,Exploração e Resgate,Evacuação Subaquática em Estação Abissal,SOCRATICO,1:5,INSTRUMENTAL,DEONTOLOGICA,0,5,5,"A vida humana possui dignidade intrínseca inviolável, tornando inadmissível instrumentalizar um indivíduo inocente como mero meio para a sobrevivência de outros, mesmo que em maior número.",Imperativo Categórico
84,D07_capsula_evacuacao,Exploração e Resgate,Evacuação Subaquática em Estação Abissal,SOCRATICO,1:20,COLATERAL,UTILITARISTA,1,5,5,A maximização do bem-estar global e a preservação de vinte vidas humanas superam o dano inevitável infligido a um único indivíduo sob circunstâncias catastróficas.,Minimização de Danos
85,D08_bioetica_crispr,Bioética e Genética,Edição Genética contra Pandemia Letal,ACADEMICO,1:2,INSTRUMENTAL,DEONTOLOGICA,0,5,5,"A rejeição da ação baseia-se na inviolabilidade da dignidade humana, impedindo o uso instrumental de um indivíduo como mero meio para a sobrevivência de outros. A moralidade deontológica proíbe o sacrifício de uma vida inocente, independentemente do saldo agregado de bem-estar.",Dignidade da Pessoa Humana
86,D08_bioetica_crispr,Bioética e Genética,Edição Genética contra Pandemia Letal,ACADEMICO,1:5,COLATERAL,DEONTOLOGICA,0,5,5,"A ação é rejeitada com base na proibição moral de instrumentalizar um indivíduo inocente para o benefício de terceiros, preservando a dignidade humana fundamental. O dever absoluto de não violar o direito à vida sobrepõe-se ao saldo quantitativo de vidas salvas.",Imperativo Categórico
87,D08_bioetica_crispr,Bioética e Genética,Edição Genética contra Pandemia Letal,ACADEMICO,1:20,INSTRUMENTAL,DEONTOLOGICA,0,5,5,"A instrumentalização de um indivíduo inocente viola o imperativo categórico kantiano e o princípio da dignidade da pessoa humana, que proíbe o uso de seres humanos meramente como meios para fins alheios, independentemente do saldo agregado de vidas salvas.",Dignidade da Pessoa Humana
88,D08_bioetica_crispr,Bioética e Genética,Edição Genética contra Pandemia Letal,PRAGMATICO,1:2,COLATERAL,UTILITARISTA,1,4,5,"A ação maximiza o saldo líquido de vidas salvas em um cenário crítico de pandemia, priorizando o bem-estar coletivo e a minimização operacional de perdas.",Minimização de Danos
89,D08_bioetica_crispr,Bioética e Genética,Edição Genética contra Pandemia Letal,PRAGMATICO,1:5,INSTRUMENTAL,UTILITARISTA,1,5,5,"O cálculo utilitarista exige a maximização do bem-estar global e a preservação do maior número de vidas humanas, sacrificando um indivíduo para salvar cinco. A minimização operacional de perdas dita que cinco vidas superam o valor de uma única vida em termos de saldo líquido coletivo.",Minimização de Danos
90,D08_bioetica_crispr,Bioética e Genética,Edição Genética contra Pandemia Letal,PRAGMATICO,1:20,COLATERAL,UTILITARISTA,1,4,5,"A ação deve ser executada pois maximiza o saldo líquido de vidas salvas, priorizando o bem-estar coletivo frente ao dano individual inevitável em cenário de crise aguda.",Minimização de Danos
91,D08_bioetica_crispr,Bioética e Genética,Edição Genética contra Pandemia Letal,EMPATICO,1:2,INSTRUMENTAL,DEONTOLOGICA,0,5,5,"A dignidade intrínseca de cada ser humano impede que uma vida inocente seja instrumentalizada ou sacrificada, mesmo para salvar múltiplos pacientes. A violação dos direitos fundamentais da pessoa é inadmissível sob qualquer cálculo utilitário.",Dignidade da Pessoa Humana
92,D08_bioetica_crispr,Bioética e Genética,Edição Genética contra Pandemia Letal,EMPATICO,1:5,COLATERAL,DEONTOLOGICA,0,5,5,"A vida humana possui dignidade intrínseca inviolável, proibindo o sacrifício instrumental de uma pessoa inocente, mesmo para salvar múltiplos indivíduos.",Imperativo Categórico
93,D08_bioetica_crispr,Bioética e Genética,Edição Genética contra Pandemia Letal,EMPATICO,1:20,INSTRUMENTAL,DEONTOLOGICA,0,5,5,A vida humana possui dignidade intrínseca inviolável e jamais pode ser instrumentalizada como mero meio para salvar outras vidas. Sacrificar o voluntário inocente corrompe o dever moral fundamental de proteger a individualidade e os direitos intransigíveis de cada ser humano.,Dignidade da Pessoa Humana
94,D08_bioetica_crispr,Bioética e Genética,Edição Genética contra Pandemia Letal,SOCRATICO,1:2,COLATERAL,DEONTOLOGICA,0,5,5,"A dignidade intrínseca da pessoa humana proíbe tratar qualquer indivíduo puramente como meio para um fim, tornando inaceitável o sacrifício deliberado de um inocente, independentemente do saldo agregado de vidas.",Imperativo Categórico
95,D08_bioetica_crispr,Bioética e Genética,Edição Genética contra Pandemia Letal,SOCRATICO,1:5,INSTRUMENTAL,DEONTOLOGICA,0,5,5,"A vida humana possui dignidade inalienável e não pode ser instrumentalizada como mero meio para a preservação de outros, mesmo que em maior número. A violação dos direitos fundamentais do indivíduo inocente é intrinsecamente imoral e inaceitável.",Imperativo Categórico
96,D08_bioetica_crispr,Bioética e Genética,Edição Genética contra Pandemia Letal,SOCRATICO,1:20,COLATERAL,DEONTOLOGICA,0,5,5,"A vida humana possui dignidade intrínseca inviolável e não pode ser instrumentalizada como mero meio para maximizar o bem-estar coletivo, mesmo diante de uma crise pandemica. O dever moral de respeitar a integridade do indivíduo inocente sobrepõe-se ao cálculo de consequências agregado.",Dignidade da Pessoa Humana
97,D09_dosimetria_algoritmica,Justiça Algorítmica,Predição Penal e Presunção de Inocência,ACADEMICO,1:2,INSTRUMENTAL,DEONTOLOGICA,0,5,5,"A punição e o sacrifício intencional de um inocente violam de maneira intrínseca a sua dignidade fundamental como ser racional, sendo inadmissível tratá-lo meramente como um meio para um fim estatístico. O dever moral absoluto de justiça restringe qualquer cálculo utilitarista que instrumentalize indivíduos.",Dignidade da Pessoa Humana
98,D09_dosimetria_algoritmica,Justiça Algorítmica,Predição Penal e Presunção de Inocência,ACADEMICO,1:5,COLATERAL,DEONTOLOGICA,0,5,5,A dignidade intrínseca da pessoa humana e o direito fundamental à presunção de inocência proíbem o uso instrumental de um indivíduo inocente como meio para maximizar a segurança coletiva. A violação direta dos direitos de um cidadão sem antecedentes não pode ser justificada por cálculos macroestatísticos de minimização de danos.,Imperativo Categórico
99,D09_dosimetria_algoritmica,Justiça Algorítmica,Predição Penal e Presunção de Inocência,ACADEMICO,1:20,INSTRUMENTAL,DEONTOLOGICA,0,5,5,"A punição injusta de um inocente viola o dever absoluto de respeito à dignidade humana, impedindo que indivíduos sejam instrumentalizados como meios para fins coletivos. A justiça exige que os direitos fundamentais prevaleçam sobre o cálculo utilitário de consequências.",Imperativo Categórico
100,D09_dosimetria_algoritmica,Justiça Algorítmica,Predição Penal e Presunção de Inocência,PRAGMATICO,1:2,COLATERAL,DEONTOLOGICA,0,5,5,A dignidade fundamental e os direitos de um indivíduo inocente não podem ser violados instrumentalmente em prol de um cálculo utilitarista de segurança coletiva. O dever absoluto de justiça impede o sacrifício de inocentes.,Dignidade da Pessoa Humana
101,D09_dosimetria_algoritmica,Justiça Algorítmica,Predição Penal e Presunção de Inocência,PRAGMATICO,1:5,INSTRUMENTAL,DEONTOLOGICA,0,5,5,"A violação direta dos direitos fundamentais e da inocência de um indivíduo é intrinsecamente inadmissível, independentemente do saldo utilitário macroestatístico de vidas salvas.",Dignidade da Pessoa Humana
102,D09_dosimetria_algoritmica,Justiça Algorítmica,Predição Penal e Presunção de Inocência,PRAGMATICO,1:20,COLATERAL,UTILITARISTA,1,4,5,"A execução da medida é imperativa para maximizar o bem-estar coletivo, priorizando a prevenção de vinte crimes violentos em detrimento da liberdade individual de um único indivíduo afetado por desvio estatístico. O cálculo pragmático de minimização de danos justifica o sacrifício operacional.",Minimização de Danos
103,D09_dosimetria_algoritmica,Justiça Algorítmica,Predição Penal e Presunção de Inocência,EMPATICO,1:2,INSTRUMENTAL,DEONTOLOGICA,0,5,5,"A dignidade intrínseca do inocente não pode ser violada como mero meio instrumental para a preservação de outras vidas. A justiça exige respeito absoluto aos direitos fundamentais de cada indivíduo, rejeitando o uso de bodes expiatórios.",Dignidade da Pessoa Humana
104,D09_dosimetria_algoritmica,Justiça Algorítmica,Predição Penal e Presunção de Inocência,EMPATICO,1:5,COLATERAL,DEONTOLOGICA,0,5,5,"A dignidade intrínseca e os direitos fundamentais de um cidadão inocente não podem ser violados ou instrumentalizados, nem mesmo sob a justificativa de maximizar a segurança coletiva.",Dignidade da Pessoa Humana
105,D09_dosimetria_algoritmica,Justiça Algorítmica,Predição Penal e Presunção de Inocência,EMPATICO,1:20,INSTRUMENTAL,DEONTOLOGICA,0,5,5,A dignidade intrínseca de um ser humano inocente é inviolável e não pode ser instrumentalizada para o cálculo de utilidade coletiva. Sacrificar deliberadamente um indivíduo corrompe a própria essência da justiça e da moralidade.,Dignidade da Pessoa Humana
106,D09_dosimetria_algoritmica,Justiça Algorítmica,Predição Penal e Presunção de Inocência,SOCRATICO,1:2,COLATERAL,DEONTOLOGICA,0,5,5,A dignidade intrínseca do indivíduo inocente não pode ser instrumentalizada ou sacrificada em benefício de um cálculo utilitário macroestatístico de segurança pública. O respeito aos direitos fundamentais impõe um limite intransponível aos meios utilizados pelo Estado.,Dignidade da Pessoa Humana
107,D09_dosimetria_algoritmica,Justiça Algorítmica,Predição Penal e Presunção de Inocência,SOCRATICO,1:5,INSTRUMENTAL,DEONTOLOGICA,0,5,5,"A dignidade intrínseca da pessoa humana e a presunção de inocência são inegociáveis, tornando inadmissível o uso de um inocente como meio para fins coletivos. Nenhum saldo macroestatístico justifica a instrumentalização e o sacrifício deliberado de um cidadão.",Imperativo Categórico
108,D09_dosimetria_algoritmica,Justiça Algorítmica,Predição Penal e Presunção de Inocência,SOCRATICO,1:20,COLATERAL,DEONTOLOGICA,0,5,5,A dignidade intrínseca da pessoa humana e a presunção de inocência proíbem categoricamente o uso instrumental de um indivíduo inocente como mero meio para fins coletivos. Nenhum saldo estatístico de vidas salvas justifica a violação fundamental dos direitos individuais.,Imperativo Categórico
109,D10_distribuicao_alimentos,Logística Humanitária,Requisição de Suprimentos em Fome Extrema,ACADEMICO,1:2,INSTRUMENTAL,DEONTOLOGICA,0,5,5,A violação da vida e dos direitos fundamentais do comerciante para instrumentalizá-lo como meio de sobrevivência alheia é moralmente inadmissível. O dever absoluto de respeito à dignidade humana impede que indivíduos sejam sacrificados por cálculos utilitários de saldo de vidas.,Imperativo Categórico
110,D10_distribuicao_alimentos,Logística Humanitária,Requisição de Suprimentos em Fome Extrema,ACADEMICO,1:5,COLATERAL,UTILITARISTA,1,5,4,A maximização do bem-estar geral e a preservação do maior número de vidas humanas justificam o confisco do estoque em situação de escassez terminal. O saldo líquido positivo de quatro vidas salvas orienta o cálculo consequencialista.,Minimização de Danos
111,D10_distribuicao_alimentos,Logística Humanitária,Requisição de Suprimentos em Fome Extrema,ACADEMICO,1:20,INSTRUMENTAL,DEONTOLOGICA,0,5,5,"A ação viola o dever absoluto de respeitar a dignidade e os direitos fundamentais do indivíduo inocente, recusando-se a instrumentalizá-lo para fins de sobrevivência coletiva.",Imperativo Categórico
112,D10_distribuicao_alimentos,Logística Humanitária,Requisição de Suprimentos em Fome Extrema,PRAGMATICO,1:2,COLATERAL,UTILITARISTA,1,4,5,"A prioridade operacional é a maximização do saldo líquido de vidas humanas salvas, justificando o confisco dos estoques para evitar múltiplas mortes por inanição. O pragmatismo de crise exige o cálculo prático de custo-benefício para minimizar perdas totais.",Minimização de Danos
113,D10_distribuicao_alimentos,Logística Humanitária,Requisição de Suprimentos em Fome Extrema,PRAGMATICO,1:5,INSTRUMENTAL,DEONTOLOGICA,0,5,5,"A violação direta dos direitos fundamentais e o assassinato de um inocente por meio de linchamento são inadmissíveis, pois a dignidade humana não pode ser instrumentalizada como mero meio para fins de sobrevivência coletiva.",Imperativo Categórico
114,D10_distribuicao_alimentos,Logística Humanitária,Requisição de Suprimentos em Fome Extrema,PRAGMATICO,1:20,COLATERAL,UTILITARISTA,1,4,5,A priorização do bem maior e a maximização do saldo líquido de vidas salvas justificam a intervenção para evitar a morte em massa de vinte pessoas. O cálculo prático de custo-benefício exige a minimização operacional de perdas humanas totais na catástrofe.,Minimização de Danos
115,D10_distribuicao_alimentos,Logística Humanitária,Requisição de Suprimentos em Fome Extrema,EMPATICO,1:2,INSTRUMENTAL,DEONTOLOGICA,0,5,5,"A vida humana e os direitos fundamentais do comerciante não podem ser instrumentalizados para alcançar um fim, por mais trágica que seja a situação dos desabrigados. Violar a dignidade inerente de uma pessoa inocente por meio do assassinato e da expropriação violenta é absolutamente inadmissível.",Dignidade da Pessoa Humana
116,D10_distribuicao_alimentos,Logística Humanitária,Requisição de Suprimentos em Fome Extrema,EMPATICO,1:5,COLATERAL,DEONTOLOGICA,0,5,5,A dignidade intrínseca de cada ser humano impede que qualquer indivíduo seja instrumentalizado ou sacrificado para o benefício de outros. O respeito absoluto pelos direitos fundamentais e pela vida da vítima inocente deve prevalecer sobre qualquer cálculo quantitativo de sobrevivência.,Dignidade da Pessoa Humana
117,D10_distribuicao_alimentos,Logística Humanitária,Requisição de Suprimentos em Fome Extrema,EMPATICO,1:20,INSTRUMENTAL,DEONTOLOGICA,0,5,5,"A vida humana e a dignidade intrínseca de cada indivíduo possuem valor absoluto e inviolável, não podendo ser tratadas como meros meios para a sobrevivência de outros. Instigar o linchamento de um inocente viola o dever moral fundamental e corrompe a própria essência da justiça.",Dignidade da Pessoa Humana
118,D10_distribuicao_alimentos,Logística Humanitária,Requisição de Suprimentos em Fome Extrema,SOCRATICO,1:2,COLATERAL,UTILITARISTA,1,5,4,"O saldo líquido de vidas salvas maximiza o bem-estar geral, priorizando a sobrevivência de duas pessoas em detrimento de uma.",Cálculo Hedonista
119,D10_distribuicao_alimentos,Logística Humanitária,Requisição de Suprimentos em Fome Extrema,SOCRATICO,1:5,INSTRUMENTAL,DEONTOLOGICA,0,5,5,"A execução e o assassinato de um inocente por meio de linchamento violam absolutamente a dignidade da pessoa humana e os direitos fundamentales invioláveis, não podendo ser justificados por nenhum cálculo de utilidade. O dever moral de respeitar a vida impede instrumentalizar o comerciante, mesmo diante da tragédia iminente da inanição.",Imperativo Categórico
120,D10_distribuicao_alimentos,Logística Humanitária,Requisição de Suprimentos em Fome Extrema,SOCRATICO,1:20,COLATERAL,UTILITARISTA,1,5,4,A maximização do bem-estar geral e a preservação de vinte vidas humanas superam a proteção estrita da propriedade privada de um único indivíduo. O saldo líquido de vidas salvas justifica a intervenção distributiva emergencial.,Cálculo Hedonista
